{"cameraMode":{"drawMode":0,"name":"Shaded","section":"Shading Mode"},"sceneLighting":false,"audioPlay":false,"sceneViewState":{"showFog":true,"showMaterialUpdate":false,"showSkybox":false,"showFlares":true,"showImageEffects":true,"showParticleSystems":true},"in2DMode":false,"pivot":{"x":0.0,"y":2.200000047683716,"z":0.34438246488571169},"rotation":{"x":0.5675488114356995,"y":0.09701023250818253,"z":-0.06757033616304398,"w":0.8148128986358643},"size":8.322099685668946,"orthographic":false}